{"fx":{"mep":1411.10019646365,"cable":1455.17474252912}}