{"fx":{"mep":1412.52664371208,"cable":1456.22041920216}}