{"fx":{"mep":1411.07107762856,"cable":1455.15960141868}}