{"fx":{"mep":1411.72617097936,"cable":1456.08108108108}}