{"fx":{"mep":1411.65875225151,"cable":1455.51240925207}}