{"fx":{"mep":1410.77275703995,"cable":1454.83707580618}}