{"fx":{"mep":1412.58397509422,"cable":1456.49602973475}}