{"fx":{"mep":1412.0249017038,"cable":1456.15813482007}}