{"fx":{"mep":1412.0924135671,"cable":1455.98918736273}}