{"fx":{"mep":1411.79361179361,"cable":1455.91216216216}}