{"fx":{"mep":1411.33125921074,"cable":1455.17474252912}}