{"fx":{"mep":1412.62295081967,"cable":1456.55848546315}}