{"fx":{"mep":1410.70551645114,"cable":1455.00590916765}}