{"fx":{"mep":1411.00376616997,"cable":1454.83707580618}}