{"fx":{"mep":1410.47463175123,"cable":1454.51476793249}}