{"fx":{"mep":1411.39862430396,"cable":1455.25160418777}}