{"fx":{"mep":1412.51638269987,"cable":1456.1729437595}}