{"fx":{"mep":1411.72617097936,"cable":1455.58932792975}}